CDX-GT45iP;CDX-GT45IP//C1E,CDX-GT45IP//C E,CDX-GT45IP//C E,SUPT-CDX-GT45IPM,SUPT-CDX-GT45IPM,SUPT-CDX-GT45IPM,SUPT-CDX-GT45IPM,SUPT-CDX-GT45IPM,CDX-GT45IP//C E,CDX-GT45IP//C E,CDX-GT45IP//C1E,CDX-GT45IP//CIN,CDX-GT45IP//C1E,CDX-GT45IP//C E,CDX-GT45IP//C1E,SUPT-CDX-GT45IPM,SUPT-CDX-GT45IPM,CDX-GT45IP/CEUR,CDX-GT45IP//CIN,SUPT-CDX-GT45IPM,CDX-GT45IP//C E,CDX-GT45IP//C1E,CDX-GT45IP//C1E,CDX-GT45IP//CIN,CDX-GT45IP//C1E,SUPT-CDX-GT45IPM,CDX-GT45IP//C1E,SUPT-CDX-GT45IPM,CDX-GT45IP//C E,CDX-GT45IP//C E,CDX-GT45IP//C E,CDX-GT45IP/CEUR,CDX-GT45IP/CEUR,CDX-GT45IP//C E,SUPT-CDX-GT45IPM,SUPT-CDX-GT45IPM
CDX-GT45iPM;SUPT-CDX-GT45IPM,SUPT-CDX-GT45IPM,SUPT-CDX-GT45IPM,SUPT-CDX-GT45IPM,SUPT-CDX-GT45IPM,SUPT-CDX-GT45IPM,SUPT-CDX-GT45IPM,SUPT-CDX-GT45IPM,SUPT-CDX-GT45IPM,SUPT-CDX-GT45IPM,SUPT-CDX-GT45IPM,SUPT-CDX-GT45IPM
CDX-GT55iP;CDX-GT55IP//Q1E,CDX-GT55IP/QEUR,CDX-GT55IP//Q1E,CDX-GT55IPS/Q1E,CDX-GT55IP//Q1E,CDX-GT55IP/QEUR,CDX-GT55IP//Q1E,CDX-GT55IPS/Q1E,CDX-GT55IPS/Q1E,CDX-GT55IPS/Q1E,CDX-GT55IP/QEUR,CDX-GT55IPS/Q1E,CDX-GT55IP/QEUR,CDX-GT55IPS/Q1E,CDX-GT55IP//Q1E,CDX-GT55IPS/Q1E,CDX-GT55IP//Q1E,CDX-GT55IP//Q1E,CDX-GT55IP//Q1E,CDX-GT55IP/QEUR,CDX-GT55IPS/Q1E
CDX-H905iP;CDX-H905IP//Q U,CDX-H905IP//Q U,CDX-H905IP//Q U,CDX-H905IP//Q U,CDX-H905IP//Q U
CDX-HR905iP;CDX-HR905IP/QER,CDX-HR905IP//QU,CDX-HR905IP//QU
CDX-M50iP;CDX-M50IP//Q U,CDX-M50IP//Q U,CDX-M50IP//Q U,CDX-M50IP//Q U,CDX-M50IP//Q U
CDX-MR50iP;CDX-MR50IP//Q1E,CDX-MR50IP//Q1E,CDX-MR50IP//Q1E
CMT-CX5iP;CMT-CX5IP/BCE3,CMT-CX5IP/BCSP1,CMT-CX5IP/BCSP1,CMT-CX5IP/WCSP1,CMT-CX5IP/BCAU1,CMT-CX5IP/BCAU1,CMT-CX5IP/BCSP1,SHA-CMT-CX5IP
CMT-G1iP;CMT-G1IP//C CEL,CMT-G1IP//C CEL
CMT-G2BNiP;CMT-G2BNIP/CCEK,CMT-G2BNIP/CAU1,CMT-G2BNIP/CAU1,CMT-G2BNIP/CCEL
CMT-S30iP;CMT-S30IP/C CEL,CMT-S30IP/C AU1,CMT-S30IP/C AU1
CMT-V10iP;CMT-V10IP/WCSP1,CMT-V10IP/BCSP1,CMT-V10IP/WCSP1,CMT-V10IP/WCSP1,CMT-V10IP/WCSP1,CMT-V10IP/BCAU1,CMT-V10IP/WCAU1,CMT-V10IP/WCAU1,CMT-V10IP/BCSP1,CMT-V10IP/BCSP1,CMT-V10IP SAMPLE,CMT-V10IP/BCSP1,CMT-V10IP/BCSP1,CMT-V10IP/BCSP1,CMT-V10IP/WCSP1,CMT-V10IP/WCSP1,CMT-V10IP/BCAU1
AC-V700A;AC-V700A    E33